ID,Game,Total Runs
1426268,SRH vs RCB [2024],520
1426280,PK vs KKR [2024],504
1422126,SRH vs MI [2024],493
1426281,MI vs DC [2024],479
1426273,SRH vs DC [2024],452
419137,RR vs CSK [2010],448
1136604,PK vs KKR [2018],447
1082641,PK vs MI [2017],435
1216527,RR vs PK [2020],431
1426278,GT vs DC [2024],431
1359512,PK vs LSG [2023],430
335983,PK vs CSK [2008],430
1359498,RCB vs CSK [2023],426
1216515,KKR vs DC [2020],423
1254061,RR vs PK [2021],423
1422138,MI vs DC [2024],422
829795,RCB vs MI [2015],420
1254084,MI vs CSK [2021],419
335990,RR vs DeC [2008],418
1178422,MI vs KKR [2019],417
1359526,SRH vs RR [2023],415
1426297,GT vs CSK [2024],414
1426274,RCB vs KKR [2024],414
1136611,SRH vs RCB [2018],413
501223,PK vs DC [2011],412
1359493,SRH vs KKR [2023],411
1304080,RR vs DC [2022],411
1426269,RR vs KKR [2024],410
1426277,LSG vs CSK [2024],410
1359507,KKR vs CSK [2023],408
1426296,RCB vs PK [2024],408
1254088,SRH vs MI [2021],407
1359520,PK vs MI [2023],406
1426294,RR vs DC [2024],406
1304112,LSG vs KKR [2022],406
1082632,GL vs DC [2017],405
733987,PK vs CSK [2014],404
1216547,RCB vs MI [2020],404
1216496,RR vs CSK [2020],402
1426307,SRH vs PK [2024],402
734047,PK vs CSK [2014],401
1359531,MI vs GT [2023],401
1422134,KKR vs DC [2024],400
1359505,PK vs MI [2023],400
419107,RR vs MI [2010],399
548372,RCB vs DC [2012],398
1304076,RR vs KKR [2022],398
1175361,PK vs KKR [2019],397
1359489,RCB vs LSG [2023],397
1422121,SRH vs KKR [2024],397
734007,SRH vs PK [2014],397
1359538,PK vs DC [2023],396
336033,RR vs CSK [2008],396
1254072,KKR vs CSK [2021],395
1136565,KKR vs CSK [2018],395
1136571,RR vs RCB [2018],395
1178410,RCB vs KKR [2019],394
1136590,DC vs CSK [2018],394
1136584,RCB vs CSK [2018],393
1082610,RCB vs GL [2017],393
1175372,RCB vs KKR [2019],393
336019,RR vs PK [2008],392
548318,RCB vs CSK [2012],392
1359516,RR vs MI [2023],391
980907,SRH vs RCB [2016],391
1359487,KKR vs GT [2023],391
729283,PK vs CSK [2014],391
1304053,LSG vs CSK [2022],389
1426305,MI vs LSG [2024],388
1359480,LSG vs CSK [2023],388
1175363,SRH vs RR [2019],388
1370352,MI vs GT [2023],387
1304068,RCB vs CSK [2022],387
1426306,RCB vs CSK [2024],386
419139,PK vs KKR [2010],386
829741,RR vs PK [2015],385
981019,SRH vs RCB [2016],385
734049,PK vs KKR [2014],385
1359525,LSG vs GT [2023],384
419112,RCB vs PK [2010],384
1426283,RCB vs GT [2024],383
1359543,SRH vs MI [2023],383
1426302,LSG vs DC [2024],383
1426263,RCB vs MI [2024],382
598027,RCB vs PW [2013],381
1359528,RCB vs MI [2023],381
1359515,PK vs CSK [2023],380
1426288,SRH vs RR [2024],380
1082623,SRH vs PK [2017],380
335989,MI vs CSK [2008],379
1178415,RR vs DC [2019],378
1082640,GL vs DC [2017],378
1422135,PK vs GT [2024],377
1426262,RR vs GT [2024],377
1426267,MI vs CSK [2024],377
1304092,SRH vs CSK [2022],377
1082612,PK vs MI [2017],377
1136569,MI vs DC [2018],377
980949,RSP vs GL [2016],377
1370353,GT vs CSK [2023],376
1136572,PK vs CSK [2018],376
1178399,PK vs MI [2019],376
501206,PK vs CSK [2011],375
1136586,KKR vs DC [2018],375
1175365,KKR vs DC [2019],375
1216517,PK vs MI [2020],375
1175358,MI vs DC [2019],374
1254068,PK vs DC [2021],374
548326,RR vs DeC [2012],374
1426282,RR vs LSG [2024],373
829787,SRH vs RR [2015],373
1136602,SRH vs DC [2018],373
980969,RSP vs RCB [2016],373
734041,RR vs MI [2014],372
419159,PK vs CSK [2010],372
1178417,RCB vs PK [2019],372
1082637,PK vs GL [2017],372
1359514,SRH vs DC [2023],371
1216541,RR vs MI [2020],371
1304096,SRH vs DC [2022],370
1359482,RR vs PK [2023],369
1304086,SRH vs GT [2022],369
1359544,RCB vs GT [2023],369
729291,RR vs PK [2014],369
1304062,PK vs GT [2022],368
1304049,RCB vs PK [2022],368
1312198,RCB vs LSG [2022],368
829737,RCB vs MI [2015],367
1082613,KKR vs GL [2017],367
733999,RR vs RCB [2014],367
1178402,RR vs MI [2019],367
1254089,RR vs CSK [2021],367
548381,KKR vs CSK [2012],367
548366,PK vs DeC [2012],367
1422129,PK vs LSG [2024],366
1082591,SRH vs RCB [2017],366
1359510,RCB vs KKR [2023],366
336020,DeC vs DC [2008],365
980953,SRH vs RCB [2016],365
1304065,KKR vs DC [2022],364
1304091,LSG vs DC [2022],364
336014,KKR vs DeC [2008],364
548342,MI vs DC [2012],364
1254059,DC vs CSK [2021],364
1304069,PK vs MI [2022],363
1254085,SRH vs RR [2021],363
1216538,SRH vs MI [2020],363
1082630,SRH vs DC [2017],363
598034,KKR vs CSK [2013],363
598064,RCB vs PK [2013],363
548329,DeC vs DC [2012],362
1359540,RR vs PK [2023],361
734029,SRH vs CSK [2014],361
1359539,SRH vs RCB [2023],360
1304111,SRH vs MI [2022],360
1426279,SRH vs RCB [2024],360
980921,RCB vs DC [2016],360
598025,PW vs PK [2013],360
501213,PW vs DC [2011],359
1082592,RSP vs MI [2017],359
1359511,RR vs CSK [2023],359
1422137,RR vs RCB [2024],358
1254067,RCB vs KKR [2021],358
1178427,PK vs KKR [2019],358
1304098,RR vs PK [2022],358
1082627,SRH vs KKR [2017],357
1304072,MI vs LSG [2022],357
548317,RR vs MI [2012],357
1216509,DC vs CSK [2020],356
1082611,SRH vs DC [2017],356
1359532,SRH vs LSG [2023],356
1136574,RCB vs MI [2018],356
335998,RCB vs DC [2008],356
598051,SRH vs CSK [2013],355
419116,DC vs CSK [2010],355
980909,MI vs KKR [2016],355
1312197,RR vs GT [2022],355
1216537,RR vs PK [2020],355
829715,RR vs DC [2015],355
829729,MI vs CSK [2015],354
1136580,SRH vs CSK [2018],354
980995,RCB vs KKR [2016],354
598026,RR vs CSK [2013],354
598006,MI vs DC [2013],354
548327,RCB vs PW [2012],354
548356,RCB vs DeC [2012],354
1359496,MI vs KKR [2023],353
729301,SRH vs DC [2014],353
392189,DC vs CSK [2009],353
829799,SRH vs PK [2015],353
829811,RR vs KKR [2015],353
1175362,RCB vs MI [2019],353
1178423,SRH vs PK [2019],352
1175357,SRH vs KKR [2019],352
1426292,LSG vs KKR [2024],352
336009,DC vs CSK [2008],352
392231,KKR vs CSK [2009],352
1359524,RCB vs DC [2023],351
980959,RCB vs KKR [2016],351
598041,PK vs CSK [2013],351
829791,PK vs KKR [2015],351
829823,MI vs CSK [2015],350
1254111,RR vs PK [2021],350
1254060,SRH vs KKR [2021],350
1178401,KKR vs DC [2019],350
1136605,RCB vs DC [2018],350
1136576,SRH vs PK [2018],350
829773,SRH vs CSK [2015],350
1359499,SRH vs MI [2023],349
1422128,RCB vs KKR [2024],349
1136610,PK vs MI [2018],349
1359509,MI vs GT [2023],349
1082593,KKR vs GL [2017],348
1426261,SRH vs PK [2024],348
1178421,RCB vs DC [2019],348
1359541,DC vs CSK [2023],348
1359497,RR vs GT [2023],348
598060,SRH vs MI [2013],348
1237180,SRH vs DC [2020],347
392214,PK vs CSK [2009],347
419145,RCB vs DeC [2010],347
1359506,RR vs RCB [2023],347
1304106,RCB vs PK [2022],347
829711,SRH vs CSK [2015],347
1304073,RCB vs DC [2022],347
980991,SRH vs PK [2016],347
1082620,RSP vs KKR [2017],346
598047,RR vs PW [2013],346
598054,RCB vs DC [2013],346
980947,MI vs KKR [2016],346
1426276,RR vs MI [2024],346
1422127,RR vs DC [2024],346
980937,RCB vs GL [2016],345
829769,RR vs MI [2015],345
1136606,SRH vs CSK [2018],345
1136620,SRH vs CSK [2018],345
1422122,RR vs LSG [2024],344
1216513,PK vs CSK [2020],344
419136,RCB vs PK [2010],344
1359513,KKR vs GT [2023],344
1359527,PK vs KKR [2023],344
548333,PW vs DC [2012],344
1082615,SRH vs RSP [2017],344
734027,RCB vs KKR [2014],343
1426271,PK vs MI [2024],343
336032,MI vs DC [2008],343
980941,PK vs MI [2016],343
733991,RCB vs PK [2014],343
336028,PK vs MI [2008],342
548348,PW vs DeC [2012],342
1304048,MI vs DC [2022],342
829713,RCB vs KKR [2015],342
1254117,KKR vs CSK [2021],342
548380,DC vs CSK [2012],341
1304055,RR vs MI [2022],341
829777,RR vs DC [2015],341
1178429,SRH vs RCB [2019],340
1359475,GT vs CSK [2023],340
980977,RCB vs PK [2016],340
336031,PK vs DeC [2008],340
1304070,RR vs GT [2022],340
1178403,RCB vs PK [2019],339
598042,RCB vs PW [2013],339
1216536,KKR vs CSK [2020],339
1426272,LSG vs CSK [2024],339
1304097,MI vs GT [2022],338
1136593,KKR vs CSK [2018],338
1175364,PK vs MI [2019],338
980931,RSP vs RCB [2016],338
501210,MI vs KTK [2011],338
1422131,DC vs CSK [2024],338
734045,MI vs CSK [2014],338
1136603,RR vs CSK [2018],338
1178416,SRH vs CSK [2019],338
1082616,PK vs GL [2017],338
733981,DC vs CSK [2014],337
1082597,MI vs KKR [2017],337
1254073,RR vs RCB [2021],337
980945,GL vs DC [2016],337
734005,RCB vs DC [2014],337
501271,RCB vs CSK [2011],337
1178418,RR vs KKR [2019],337
980987,RCB vs GL [2016],336
1426310,RR vs RCB [2024],336
980971,PK vs DC [2016],336
598045,RCB vs PK [2013],335
1254114,DC vs CSK [2021],335
1304051,SRH vs RR [2022],335
548355,MI vs CSK [2012],335
501243,DeC vs DC [2011],334
1426284,SRH vs CSK [2024],334
1136594,PK vs MI [2018],334
1136563,RCB vs KKR [2018],334
1175366,SRH vs RCB [2019],334
1136579,RCB vs DC [2018],334
1136597,MI vs KKR [2018],334
1136589,RCB vs KKR [2018],333
1237177,MI vs DC [2020],333
1082603,RSP vs GL [2017],333
1304084,PK vs CSK [2022],333
419125,MI vs CSK [2010],333
1216522,RR vs RCB [2020],333
1175359,RR vs PK [2019],333
1422120,PK vs DC [2024],333
981005,RSP vs PK [2016],333
1254080,SRH vs CSK [2021],333
1254079,RCB vs DC [2021],333
829817,MI vs CSK [2015],332
501211,RCB vs CSK [2011],332
419144,KKR vs DC [2010],332
1422125,GT vs CSK [2024],332
335996,RCB vs CSK [2008],332
419156,PK vs DeC [2010],331
829705,MI vs KKR [2015],331
1136592,RR vs DC [2018],331
501267,MI vs KKR [2011],331
392221,RCB vs KKR [2009],331
981007,MI vs GL [2016],331
419110,DeC vs CSK [2010],330
1254098,KKR vs CSK [2021],330
1304071,SRH vs KKR [2022],330
1216524,SRH vs DC [2020],330
1178407,RR vs PK [2019],330
1178426,SRH vs MI [2019],330
1359542,LSG vs KKR [2023],330
598070,MI vs CSK [2013],330
501268,RCB vs CSK [2011],330
1136577,RR vs CSK [2018],330
1178406,RCB vs MI [2019],329
598036,RR vs RCB [2013],329
1082606,MI vs GL [2017],329
336035,PK vs KKR [2008],329
501222,RCB vs KKR [2011],328
1359490,MI vs DC [2023],328
501254,PK vs KTK [2011],328
1304089,RCB vs GT [2022],328
419129,RR vs CSK [2010],328
392188,RCB vs DeC [2009],328
336001,DC vs CSK [2008],328
548363,MI vs KKR [2012],328
1422124,RCB vs PK [2024],328
1175367,RR vs CSK [2019],328
1304075,GT vs CSK [2022],327
1136614,SRH vs KKR [2018],327
1178430,PK vs CSK [2019],327
1359479,RCB vs MI [2023],327
1359476,PK vs KKR [2023],327
1359491,RR vs CSK [2023],327
336013,PK vs CSK [2008],326
336003,PK vs KKR [2008],326
548309,RR vs PK [2012],326
1136562,PK vs DC [2018],326
419120,DeC vs DC [2010],326
1136619,SRH vs KKR [2018],326
1426295,SRH vs LSG [2024],325
501232,RCB vs PW [2011],325
419128,RCB vs DC [2010],325
1359485,RR vs DC [2023],325
1359537,MI vs LSG [2023],324
1304113,RCB vs GT [2022],324
1304059,RR vs RCB [2022],324
980927,RCB vs MI [2016],324
829747,MI vs DC [2015],324
1216531,RCB vs PK [2020],324
1136581,RR vs MI [2018],324
598037,PK vs MI [2013],323
501220,RR vs PK [2011],323
548344,RCB vs KKR [2012],323
1254086,PK vs DC [2021],323
1082608,KKR vs DC [2017],323
1422136,SRH vs CSK [2024],323
1136561,MI vs CSK [2018],323
1216508,MI vs KKR [2020],322
829717,PK vs MI [2015],322
980951,KKR vs DC [2016],322
1136587,MI vs CSK [2018],322
548324,RR vs RCB [2012],322
980993,MI vs DC [2016],322
1422130,SRH vs GT [2024],322
1216503,PK vs MI [2020],321
392210,RR vs PK [2009],321
392216,PK vs DeC [2009],321
336000,RR vs KKR [2008],321
419140,RCB vs DC [2010],321
598017,RCB vs DC [2013],321
734033,RR vs PK [2014],321
419117,PK vs DeC [2010],321
335999,PK vs DeC [2008],321
1359536,SRH vs GT [2023],320
548379,MI vs CSK [2012],320
1422119,RCB vs CSK [2024],320
392191,RCB vs PK [2009],320
1304077,RCB vs LSG [2022],320
1136607,RR vs MI [2018],320
548339,PK vs MI [2012],320
1254081,RR vs MI [2021],320
829721,RR vs MI [2015],320
733983,RCB vs MI [2014],320
336002,RCB vs DeC [2008],320
733973,PK vs MI [2014],319
1216529,MI vs DC [2020],319
829745,RCB vs CSK [2015],319
1216546,PK vs DC [2020],319
1216499,RCB vs MI [2020],319
548367,RCB vs MI [2012],319
598024,MI vs DC [2013],319
1216492,MI vs CSK [2020],319
1254102,PK vs KKR [2021],319
1359478,SRH vs RR [2023],319
829805,MI vs KKR [2015],319
1426264,LSG vs DC [2024],319
419124,RR vs PK [2010],319
1136596,SRH vs DC [2018],318
1359477,LSG vs DC [2023],318
1136615,MI vs DC [2018],318
981017,SRH vs GL [2016],318
1216542,SRH vs PK [2020],318
335987,RR vs PK [2008],318
1304095,RCB vs CSK [2022],317
598061,PW vs KKR [2013],317
1304060,MI vs KKR [2022],317
392196,DeC vs CSK [2009],317
598011,PW vs MI [2013],317
419135,KKR vs DeC [2010],317
829731,SRH vs DC [2015],317
501260,RCB vs PK [2011],317
734017,RR vs MI [2014],317
980999,RCB vs PK [2016],317
1082628,RCB vs MI [2017],316
1216497,KKR vs DC [2020],316
548341,PW vs DeC [2012],316
1254077,SRH vs DC [2021],316
1216512,SRH vs KKR [2020],316
501253,DC vs CSK [2011],316
501249,RR vs CSK [2011],316
734031,MI vs DC [2014],316
734011,RR vs DC [2014],316
598012,RCB vs CSK [2013],315
829725,PK vs DC [2015],315
335985,RCB vs MI [2008],315
1216523,PK vs KKR [2020],315
1136575,RR vs KKR [2018],315
1136573,KKR vs DC [2018],315
1422123,MI vs GT [2024],315
1359521,SRH vs KKR [2023],315
548334,PK vs MI [2012],315
392223,DeC vs DC [2009],314
1082601,PK vs KKR [2017],314
1082629,RSP vs GL [2017],314
1254101,RCB vs DC [2021],314
501244,RCB vs PK [2011],314
1082605,PK vs DC [2017],313
733979,RR vs KKR [2014],313
1216511,RR vs MI [2020],313
1304066,RR vs LSG [2022],313
598048,SRH vs RCB [2013],313
598028,PK vs DC [2013],313
1178412,PK vs DC [2019],313
392236,RCB vs DeC [2009],313
1304109,RR vs LSG [2022],313
1422133,RCB vs LSG [2024],313
548331,RCB vs PK [2012],313
1304058,SRH vs LSG [2022],312
1178404,KKR vs CSK [2019],312
829793,SRH vs DC [2015],312
1082644,MI vs KKR [2017],312
1216507,SRH vs RR [2020],312
1082642,RSP vs DC [2017],312
1216519,RCB vs DC [2020],312
501212,PK vs DeC [2011],312
392228,KKR vs DeC [2009],312
1181766,SRH vs DC [2019],311
548350,RCB vs PK [2012],311
1359494,RCB vs DC [2023],311
1082594,RSP vs PK [2017],311
1426293,SRH vs MI [2024],311
1426300,RCB vs DC [2024],311
598029,MI vs KKR [2013],311
980975,KKR vs GL [2016],311
598033,RCB vs MI [2013],310
980905,PK vs GL [2016],310
980911,RSP vs GL [2016],310
548368,KKR vs CSK [2012],310
419162,RCB vs MI [2010],310
1304056,GT vs DC [2022],310
419114,MI vs DC [2010],310
1216530,RR vs KKR [2020],310
829761,KKR vs DC [2015],310
1136601,MI vs KKR [2018],310
1216501,KKR vs CSK [2020],310
598072,RR vs MI [2013],310
1178413,SRH vs KKR [2019],309
548321,DeC vs DC [2012],309
501246,MI vs DC [2011],309
419152,MI vs DC [2010],309
980965,RSP vs DC [2016],309
829789,MI vs CSK [2015],309
1304101,DC vs CSK [2022],309
734019,PK vs DC [2014],309
501270,RCB vs MI [2011],309
1370350,GT vs CSK [2023],309
729315,RR vs KKR [2014],309
1082604,SRH vs KKR [2017],309
734001,SRH vs MI [2014],308
419133,RCB vs CSK [2010],308
1178411,RR vs MI [2019],308
1082636,RCB vs KKR [2017],308
1304104,RR vs DC [2022],308
729289,KKR vs DC [2014],308
1254083,RCB vs PK [2021],308
1175369,RR vs RCB [2019],307
1178420,SRH vs RR [2019],307
1082625,MI vs GL [2017],307
1359501,RCB vs PK [2023],307
1082618,RSP vs MI [2017],307
1254100,SRH vs RR [2021],307
734021,SRH vs RCB [2014],307
980939,RSP vs KKR [2016],306
980957,RSP vs MI [2016],306
1304050,LSG vs GT [2022],306
829735,RR vs CSK [2015],306
829719,SRH vs RCB [2015],306
336040,RR vs CSK [2008],306
1216514,RR vs RCB [2020],306
1136578,PK vs KKR [2018],306
1426309,SRH vs KKR [2024],305
598030,SRH vs CSK [2013],305
419157,RCB vs MI [2010],305
1178414,RCB vs CSK [2019],305
598001,RR vs DC [2013],305
981009,SRH vs KKR [2016],305
1237181,MI vs DC [2020],305
419146,PK vs MI [2010],304
1136568,RCB vs PK [2018],304
1082639,PK vs KKR [2017],304
392190,RR vs KKR [2009],304
1254090,RCB vs PK [2021],304
1082622,KKR vs DC [2017],304
1254069,RR vs CSK [2021],304
829775,PK vs MI [2015],304
829723,KKR vs CSK [2015],304
501239,KKR vs DeC [2011],304
980963,PK vs KKR [2016],304
336024,MI vs DeC [2008],303
1312199,RR vs RCB [2022],303
419127,PK vs KKR [2010],303
1254113,RCB vs CSK [2021],303
548336,RR vs RCB [2012],303
980933,MI vs DC [2016],303
734035,RCB vs CSK [2014],303
734023,KKR vs CSK [2014],303
1216528,SRH vs CSK [2020],303
1254058,RCB vs MI [2021],303
1304100,SRH vs RCB [2022],302
1082600,SRH vs MI [2017],302
981003,SRH vs DC [2016],302
501216,DeC vs DC [2011],302
1304067,SRH vs GT [2022],302
501208,RCB vs DeC [2011],302
729317,SRH vs MI [2014],302
1216516,SRH vs CSK [2020],302
1136618,RR vs KKR [2018],302
1359481,GT vs DC [2023],302
1082643,SRH vs GL [2017],302
1216493,PK vs DC [2020],301
733985,KKR vs DC [2014],301
733995,MI vs CSK [2014],301
1359495,PK vs LSG [2023],301
1426311,SRH vs RR [2024],301
733975,RR vs DC [2014],300
335995,PK vs DC [2008],300
1304063,SRH vs CSK [2022],300
1082599,RSP vs DC [2017],300
548322,PW vs CSK [2012],300
1216518,SRH vs RR [2020],300
1304115,MI vs DC [2022],300
419148,RCB vs KKR [2010],300
1082631,RSP vs KKR [2017],300
598066,PK vs MI [2013],300
829733,PK vs KKR [2015],299
1254076,RCB vs CSK [2021],299
419131,KKR vs DC [2010],299
392211,KKR vs DC [2009],299
392181,MI vs CSK [2009],299
501200,RCB vs KTK [2011],299
1304116,SRH vs PK [2022],299
548362,RCB vs PW [2012],298
1359486,MI vs CSK [2023],298
336034,RCB vs DeC [2008],298
1216500,RR vs DC [2020],298
548352,DeC vs CSK [2012],298
1175368,PK vs DC [2019],298
548330,PW vs CSK [2012],298
392235,MI vs DC [2009],298
1359483,RCB vs KKR [2023],298
1254096,MI vs KKR [2021],298
1304079,MI vs CSK [2022],298
501203,KKR vs DeC [2011],298
733977,SRH vs RCB [2014],298
1426289,MI vs KKR [2024],297
1426287,PK vs CSK [2024],297
392192,MI vs DeC [2009],297
336023,RR vs RCB [2008],297
501236,DeC vs CSK [2011],297
734025,PK vs MI [2014],297
548311,DeC vs CSK [2012],297
1254082,KKR vs DC [2021],297
729295,SRH vs PK [2014],297
392206,DC vs CSK [2009],296
548359,PK vs DeC [2012],296
501221,MI vs CSK [2011],296
1136598,RR vs PK [2018],296
598008,RCB vs KKR [2013],296
1082646,RCB vs DC [2017],296
1216534,SRH vs RCB [2020],296
548312,RR vs KKR [2012],296
1304090,RR vs MI [2022],296
501209,RR vs KKR [2011],296
1216505,RCB vs DC [2020],296
598063,RR vs MI [2013],295
1216510,RCB vs PK [2020],295
734037,SRH vs KKR [2014],295
419141,RR vs DeC [2010],294
1216543,RR vs DC [2020],294
501264,PK vs DeC [2011],294
829785,RCB vs PK [2015],294
548343,PK vs CSK [2012],294
1426285,KKR vs DC [2024],293
598035,PW vs DC [2013],293
419134,RR vs DC [2010],293
1216504,RR vs KKR [2020],293
501198,KKR vs CSK [2011],293
548377,RR vs MI [2012],293
548354,RR vs PK [2012],293
1426266,LSG vs KKR [2024],293
1216539,DC vs CSK [2020],293
1178397,SRH vs PK [2019],292
1136616,PK vs CSK [2018],292
1082609,SRH vs PK [2017],292
829783,MI vs DC [2015],292
1304064,RCB vs MI [2022],292
1304061,LSG vs DC [2022],292
598013,SRH vs KKR [2013],292
419122,MI vs KKR [2010],292
980919,RSP vs PK [2016],292
419143,RR vs PK [2010],292
598016,PK vs KKR [2013],292
1359530,RR vs KKR [2023],292
392237,DeC vs DC [2009],291
548345,RR vs DC [2012],291
1216506,PK vs CSK [2020],291
419165,MI vs CSK [2010],291
1216495,SRH vs MI [2020],291
598049,RR vs DC [2013],291
419150,RR vs MI [2010],291
1136591,RCB vs MI [2018],291
1136600,RR vs PK [2018],291
336026,RCB vs DC [2008],291
1426291,PK vs CSK [2024],291
1216532,SRH vs DC [2020],291
1216540,RCB vs KKR [2020],291
501224,MI vs DeC [2011],290
1254103,RR vs RCB [2021],290
1426290,RCB vs GT [2024],290
501227,RCB vs DC [2011],290
1178400,RR vs CSK [2019],290
980961,GL vs DC [2016],290
1136613,RR vs RCB [2018],290
419119,RCB vs MI [2010],290
392207,PK vs KKR [2009],290
1216520,PK vs KKR [2020],290
981013,RCB vs GL [2016],290
501257,PK vs DC [2011],290
733997,PK vs KKR [2014],290
1178393,PK vs CSK [2019],289
1136588,SRH vs RR [2018],289
335994,MI vs DeC [2008],289
1254064,RR vs DC [2021],289
419132,PK vs MI [2010],289
419118,RR vs KKR [2010],289
1082647,RSP vs MI [2017],288
829797,RR vs CSK [2015],288
1304074,SRH vs PK [2022],288
548365,RR vs PW [2012],288
1359492,PK vs GT [2023],288
548378,KKR vs DC [2012],288
1304057,PK vs CSK [2022],288
1082598,RCB vs PK [2017],288
1082595,RCB vs DC [2017],288
829781,SRH vs KKR [2015],288
1426265,RR vs PK [2024],288
548313,PW vs PK [2012],287
1304081,KKR vs GT [2022],287
981015,SRH vs KKR [2016],287
336015,RR vs DC [2008],287
980981,RCB vs MI [2016],287
1136567,SRH vs MI [2018],286
1359533,PK vs DC [2023],286
597999,RCB vs MI [2013],286
1304093,RR vs KKR [2022],286
1304110,PK vs DC [2022],286
1426303,RR vs PK [2024],286
336018,MI vs CSK [2008],286
734043,PK vs KKR [2014],286
501242,KTK vs KKR [2011],286
336027,RR vs KKR [2008],285
501240,RR vs CSK [2011],285
598067,PW vs DC [2013],285
392208,RCB vs MI [2009],285
1216526,MI vs KKR [2020],285
1181768,MI vs CSK [2019],285
1304107,SRH vs KKR [2022],285
501269,MI vs KKR [2011],285
335991,PK vs MI [2008],284
392238,RCB vs CSK [2009],284
392194,RCB vs DC [2009],284
1216544,RCB vs CSK [2020],284
1178395,RCB vs DC [2019],284
419106,KKR vs DeC [2010],284
598015,PW vs CSK [2013],284
598062,DC vs CSK [2013],284
548310,RCB vs DC [2012],284
1216525,RCB vs CSK [2020],284
1175370,MI vs CSK [2019],283
729299,RCB vs KKR [2014],283
1136609,RR vs KKR [2018],283
501252,RR vs RCB [2011],282
1178409,MI vs DC [2019],282
501204,RR vs DC [2011],282
1175360,DC vs CSK [2019],282
980983,SRH vs DC [2016],282
1359488,SRH vs PK [2023],282
419130,MI vs DeC [2010],282
598031,PK vs KKR [2013],282
548337,PW vs DC [2012],282
336004,MI vs DC [2008],281
1304087,KKR vs DC [2022],281
419123,RCB vs CSK [2010],281
598038,PW vs CSK [2013],281
1359529,DC vs CSK [2023],281
1426275,PK vs GT [2024],281
598009,RR vs PW [2013],280
1304114,RR vs CSK [2022],280
829707,DC vs CSK [2015],280
1359500,RR vs LSG [2023],280
501261,KTK vs CSK [2011],280
829751,SRH vs MI [2015],279
419138,MI vs DeC [2010],279
1181767,DC vs CSK [2019],279
980935,SRH vs PK [2016],279
1136612,DC vs CSK [2018],279
1304083,MI vs LSG [2022],278
1426298,MI vs KKR [2024],278
501237,PK vs MI [2011],278
501207,PW vs KTK [2011],277
548332,RR vs CSK [2012],277
548357,KKR vs DC [2012],277
1254104,MI vs CSK [2021],277
392218,RCB vs MI [2009],277
734015,SRH vs KKR [2014],277
980955,PK vs GL [2016],277
419126,RR vs DeC [2010],277
598032,SRH vs RR [2013],277
392202,RR vs CSK [2009],277
336007,DeC vs CSK [2008],277
734003,RR vs CSK [2014],277
729281,RCB vs DC [2014],277
598052,RR vs PK [2013],277
1359508,SRH vs DC [2023],276
598058,RR vs CSK [2013],276
1422139,LSG vs GT [2024],276
392198,RR vs DC [2009],276
980915,SRH vs KKR [2016],275
729303,MI vs CSK [2014],275
1082634,SRH vs RSP [2017],275
1254062,MI vs KKR [2021],275
1426299,RR vs CSK [2024],275
392201,DeC vs DC [2009],275
1082607,RSP vs RCB [2017],274
829819,RR vs RCB [2015],274
501241,PW vs MI [2011],274
980923,SRH vs MI [2016],274
419121,PK vs CSK [2010],274
419142,MI vs CSK [2010],274
335993,KKR vs CSK [2008],273
392220,RR vs DeC [2009],273
829739,KKR vs DC [2015],273
1359535,KKR vs CSK [2023],273
1136599,SRH vs RCB [2018],273
1216545,SRH vs KKR [2020],273
501228,PW vs CSK [2011],273
829759,SRH vs PK [2015],272
729279,MI vs KKR [2014],272
548315,RCB vs KKR [2012],272
1254095,SRH vs RCB [2021],271
548360,RCB vs MI [2012],271
1178425,DC vs CSK [2019],271
419160,DeC vs DC [2010],271
548349,RR vs DC [2012],271
734009,MI vs KKR [2014],271
598002,MI vs CSK [2013],271
729311,SRH vs CSK [2014],271
1254066,SRH vs MI [2021],271
501235,RR vs PW [2011],271
548314,MI vs DeC [2012],271
598004,SRH vs RCB [2013],270
1426286,MI vs LSG [2024],270
1254063,SRH vs RCB [2021],270
1304099,LSG vs KKR [2022],270
548369,PK vs DC [2012],270
829743,SRH vs KKR [2015],270
980917,MI vs GL [2016],269
419111,RR vs DC [2010],269
392205,RR vs DeC [2009],269
392197,MI vs KKR [2009],269
501250,PW vs DeC [2011],269
1082596,SRH vs GL [2017],269
548374,PK vs DC [2012],269
501199,RR vs DeC [2011],269
829709,RR vs PK [2015],268
335988,DeC vs DC [2008],268
336037,DeC vs CSK [2008],268
392230,RR vs DC [2009],268
419108,PK vs DC [2010],268
335982,RCB vs KKR [2008],268
336038,RR vs DC [2008],268
829753,PK vs CSK [2015],267
419151,RCB vs DeC [2010],267
392227,MI vs CSK [2009],267
1359523,MI vs CSK [2023],266
1359503,SRH vs CSK [2023],266
392203,MI vs KKR [2009],266
598007,PK vs CSK [2013],266
1136617,SRH vs CSK [2018],265
501205,RCB vs MI [2011],265
829821,RCB vs CSK [2015],265
1136570,SRH vs KKR [2018],265
829779,RCB vs CSK [2015],265
335992,RR vs RCB [2008],264
980925,PK vs KKR [2016],264
392217,RR vs CSK [2009],264
1254099,PK vs MI [2021],264
501230,KKR vs DC [2011],264
548353,PW vs KKR [2012],264
336011,RR vs DeC [2008],264
392199,RCB vs KKR [2009],264
1082638,SRH vs MI [2017],264
598040,KKR vs DC [2013],264
1082602,RCB vs MI [2017],263
392225,RR vs MI [2009],263
392232,RCB vs DC [2009],263
392204,RCB vs PK [2009],263
336016,RCB vs PK [2008],263
980979,SRH vs RSP [2016],262
336036,RR vs MI [2008],262
419113,KKR vs CSK [2010],262
392239,RCB vs DeC [2009],262
501259,PW vs DeC [2011],262
1304094,PK vs GT [2022],262
734013,RCB vs CSK [2014],261
392209,DeC vs CSK [2009],261
1304054,PK vs KKR [2022],261
981011,RCB vs DC [2016],261
419147,DeC vs CSK [2010],261
1359504,LSG vs GT [2023],260
419109,RCB vs KKR [2010],260
501215,KTK vs CSK [2011],260
548347,KKR vs CSK [2012],260
1254097,RR vs DC [2021],260
501263,RR vs MI [2011],260
1254091,SRH vs CSK [2021],260
1254070,MI vs DC [2021],260
1426260,KKR vs CSK [2024],260
1254094,PK vs CSK [2021],259
1254115,RCB vs KKR [2021],259
1304088,PK vs LSG [2022],259
392212,MI vs DeC [2009],259
1136582,PK vs DC [2018],259
1178408,SRH vs CSK [2019],259
598073,MI vs CSK [2013],259
980973,SRH vs MI [2016],258
598056,SRH vs PK [2013],258
729297,RR vs CSK [2014],258
1254108,RCB vs MI [2021],258
1178405,SRH vs DC [2019],257
980929,SRH vs GL [2016],257
1178396,RR vs KKR [2019],257
1304102,MI vs KKR [2022],257
598071,SRH vs RR [2013],257
1370351,MI vs LSG [2023],257
1082635,MI vs DC [2017],256
1254105,SRH vs DC [2021],256
501238,KTK vs DC [2011],256
392229,PK vs DeC [2009],255
598050,MI vs KKR [2013],255
1254116,KKR vs DC [2021],255
419158,RR vs KKR [2010],255
829749,RR vs RCB [2015],255
1178431,MI vs KKR [2019],254
1304047,KKR vs CSK [2022],254
419154,RR vs RCB [2010],253
1254074,PK vs MI [2021],253
1304108,GT vs CSK [2022],253
729293,DC vs CSK [2014],253
1178419,MI vs CSK [2019],253
1254110,DC vs CSK [2021],252
733971,KKR vs CSK [2014],252
1312200,RR vs GT [2022],252
501233,KTK vs DC [2011],252
1181764,MI vs CSK [2019],250
548323,PK vs KKR [2012],250
598039,SRH vs MI [2013],249
598005,RR vs KKR [2013],249
1254112,MI vs DC [2021],249
1237178,SRH vs RCB [2020],249
829765,KKR vs CSK [2015],249
598019,RR vs MI [2013],249
829809,PK vs CSK [2015],249
392224,RCB vs CSK [2009],249
1082621,RCB vs GL [2017],249
729285,SRH vs RR [2014],248
501226,PW vs CSK [2011],248
598043,RR vs KKR [2013],248
392185,RCB vs CSK [2009],248
335997,MI vs KKR [2008],247
419153,KKR vs CSK [2010],247
597998,KKR vs DC [2013],246
1254092,KKR vs DC [2021],246
419161,MI vs KKR [2010],246
548320,RR vs KKR [2012],246
1082614,MI vs DC [2017],246
1359518,GT vs DC [2023],245
829727,SRH vs RR [2015],245
1304085,RR vs RCB [2022],245
1082624,RSP vs RCB [2017],245
335984,RR vs DC [2008],244
1254075,RR vs KKR [2021],244
980967,SRH vs GL [2016],244
1136595,RCB vs CSK [2018],244
1175371,SRH vs DC [2019],244
598053,PW vs KKR [2013],243
548328,PK vs KKR [2012],243
336010,RCB vs KKR [2008],242
548376,RCB vs DeC [2012],242
1136585,SRH vs PK [2018],241
548358,RR vs PW [2012],241
548335,KKR vs DeC [2012],241
1082650,RSP vs MI [2017],240
1304052,RCB vs KKR [2022],240
501219,KTK vs KKR [2011],239
1216533,RR vs CSK [2020],239
598069,SRH vs KKR [2013],239
598020,DC vs CSK [2013],239
501247,RCB vs KTK [2011],238
1254106,RR vs KKR [2021],238
548373,RR vs DeC [2012],238
1082633,RCB vs PK [2017],238
501266,RCB vs CSK [2011],237
598021,SRH vs PK [2013],237
1254078,PK vs KKR [2021],237
1136564,SRH vs RR [2018],236
1359502,KKR vs DC [2023],236
501256,MI vs DeC [2011],235
548371,PK vs CSK [2012],234
598022,KKR vs CSK [2013],233
980985,PK vs MI [2016],232
829801,DC vs CSK [2015],232
1422132,RR vs MI [2024],231
1254107,SRH vs PK [2021],231
598014,RR vs PK [2013],231
729309,MI vs DC [2014],231
548370,MI vs KKR [2012],230
1254109,SRH vs KKR [2021],229
980901,RSP vs MI [2016],229
729313,RCB vs PK [2014],229
1216498,SRH vs PK [2020],229
598059,PK vs DC [2013],228
392195,RR vs PK [2009],228
598065,SRH vs RR [2013],228
548361,RR vs CSK [2012],228
1359484,SRH vs LSG [2023],227
392219,KKR vs DC [2009],227
1304078,PK vs DC [2022],226
729307,PK vs KKR [2014],226
336006,RCB vs PK [2008],226
1359522,RR vs GT [2023],226
981001,KKR vs GL [2016],225
1359517,RCB vs LSG [2023],225
1254071,SRH vs PK [2021],225
598000,SRH vs PW [2013],225
598023,RR vs RCB [2013],224
336017,KKR vs DC [2008],224
1216502,SRH vs RCB [2020],224
336012,RCB vs MI [2008],224
501248,PW vs PK [2011],223
501251,PK vs MI [2011],223
598057,RCB vs KKR [2013],223
1178428,RR vs DC [2019],222
548351,PW vs MI [2012],222
419163,DeC vs CSK [2010],222
336029,RCB vs CSK [2008],222
598018,SRH vs PW [2013],222
1359534,RR vs RCB [2023],222
829767,PK vs DC [2015],221
392186,PK vs KKR [2009],221
501234,PK vs KKR [2011],221
548364,DC vs CSK [2012],221
548375,PW vs KKR [2012],221
392226,PK vs DC [2009],220
501262,PW vs KKR [2011],220
501218,PW vs MI [2011],220
1178394,SRH vs MI [2019],220
336039,PK vs CSK [2008],220
598055,PW vs MI [2013],220
548319,PW vs PK [2012],219
598010,SRH vs DC [2013],219
548308,PW vs MI [2012],217
392222,PK vs MI [2009],217
729287,RCB vs MI [2014],217
1304103,LSG vs GT [2022],216
1216521,MI vs CSK [2020],216
1216535,MI vs DC [2020],215
392215,MI vs DC [2009],215
548316,DC vs CSK [2012],214
829771,RCB vs KKR [2015],214
733989,SRH vs RR [2014],214
829815,SRH vs MI [2015],213
734039,PK vs DC [2014],212
501202,PW vs PK [2011],211
980913,PK vs DC [2016],210
829807,SRH vs RCB [2015],210
501225,RR vs KTK [2011],209
548306,MI vs CSK [2012],209
1178398,KKR vs CSK [2019],207
392200,PK vs MI [2009],207
1136566,RR vs DC [2018],207
598046,MI vs CSK [2013],205
392213,RR vs RCB [2009],204
419155,DC vs CSK [2010],204
1426312,SRH vs KKR [2024],203
1082649,MI vs KKR [2017],203
1254065,PK vs CSK [2021],202
419149,PK vs DC [2010],199
392184,KKR vs DeC [2009],198
336022,PK vs DC [2008],198
392234,PK vs CSK [2009],195
392233,RR vs KKR [2009],193
598003,PW vs PK [2013],193
336005,RR vs CSK [2008],191
1136583,SRH vs MI [2018],191
980943,SRH vs RSP [2016],191
501229,KTK vs DeC [2011],189
336008,RR vs MI [2008],188
980997,RSP vs DC [2016],188
336025,KKR vs CSK [2008],187
548346,MI vs DeC [2012],186
548307,KKR vs DC [2012],185
829757,RCB vs DC [2015],184
335986,KKR vs DeC [2008],184
829763,RR vs RCB [2015],184
501258,RR vs KTK [2011],183
829813,RCB vs DC [2015],183
501255,RCB vs KKR [2011],181
598068,RCB vs CSK [2013],181
501231,RR vs MI [2011],180
501201,MI vs DC [2011],179
829803,RCB vs PK [2015],178
392182,RR vs RCB [2009],178
1254093,RR vs MI [2021],177
1304105,MI vs CSK [2022],175
1254087,RCB vs KKR [2021],175
980903,KKR vs DC [2016],174
1136608,RCB vs PK [2018],171
419115,RR vs RCB [2010],171
733993,SRH vs DC [2014],171
548325,MI vs DC [2012],165
1082648,SRH vs KKR [2017],165
501245,KKR vs CSK [2011],165
1082617,RCB vs KKR [2017],165
1426270,GT vs DC [2024],163
419164,RCB vs DeC [2010],161
1216494,RCB vs KKR [2020],161
980989,RSP vs KKR [2016],153
598044,SRH vs DC [2013],152
501214,RR vs KKR [2011],150
392183,PK vs DC [2009],149
1082645,RSP vs PK [2017],147
729305,RR vs RCB [2014],134
1175356,RCB vs CSK [2019],132
1082626,PK vs DC [2017],128
1304082,SRH vs RCB [2022],126
1359519,LSG vs CSK [2023],119
336021,MI vs KKR [2008],117
1178424,RR vs RCB [2019],98
501265,PW vs DC [2011],51
